ClientID,TransactionFreq,AvgTransactionValue_USD,ProductA_holding,ProductB_holding,ProductC_holding,ProductD_holding,ServiceUsage_score,ChurnRiskScore
500000,19.54,185.34,0,1,0,1,6.7,17.39
500001,25.25,491.72,1,0,0,0,7.04,22.28
500002,17.18,147.38,1,0,0,1,7.39,26.5
500003,4.88,158.48,1,1,0,0,5.76,10.56
500004,22.71,156.7,1,1,0,0,4.98,17.9
500005,13.39,164.21,1,1,1,0,8.36,9.86
500006,15.65,218.65,0,1,0,0,6.54,17.52
500007,10.63,108.81,1,1,0,1,8.21,0.0
500008,18.51,399.42,1,1,0,0,9.46,8.12
500009,25.46,203.16,1,0,0,1,7.44,8.26
500010,24.53,860.19,1,0,0,1,7.15,14.1
500011,29.1,115.37,0,1,0,0,10.0,21.46
500012,30.1,527.45,1,1,1,1,6.87,7.33
500013,3.68,472.89,0,1,0,0,4.54,36.08
500014,9.64,175.42,0,0,1,0,5.99,37.71
500015,5.34,177.03,1,1,0,0,9.29,9.53
500016,22.42,132.54,0,0,0,0,4.17,38.1
500017,13.15,133.38,1,0,0,0,5.15,25.76
500018,14.58,219.93,0,0,0,0,8.49,18.6
500019,16.48,222.52,0,1,0,0,6.01,22.84
500020,20.68,91.13,1,0,0,0,6.3,34.33
500021,7.6,776.7,0,0,1,1,8.43,21.68
500022,9.19,190.74,0,1,1,0,5.21,28.82
500023,18.01,228.08,0,0,0,0,3.86,36.08
500024,26.39,155.9,0,1,0,1,4.0,14.87
500025,17.82,189.95,1,0,0,0,7.55,10.64
500026,12.46,180.69,1,1,0,0,6.97,15.34
500027,2.96,219.65,0,0,0,0,5.25,33.29
500028,24.67,218.24,1,0,0,0,4.41,27.25
500029,12.85,342.51,0,0,1,0,6.01,26.31
500030,9.97,249.29,1,0,0,0,8.51,10.29
500031,5.99,324.08,1,0,0,0,5.0,48.86
500032,7.93,218.82,0,0,0,0,5.31,32.21
500033,11.27,249.84,0,1,0,0,4.36,26.95
500034,16.33,192.66,0,0,0,0,5.84,26.84
500035,9.54,381.97,0,1,0,0,7.11,20.65
500036,19.3,262.72,1,0,1,0,10.0,14.37
500037,16.27,201.68,1,1,0,0,6.89,7.44
500038,33.55,198.4,1,0,0,0,6.4,22.96
500039,6.07,207.17,1,0,0,0,8.05,14.35
500040,19.13,223.71,1,0,0,0,7.75,9.93
500041,19.22,213.28,0,0,0,0,5.46,30.26
500042,10.79,161.78,1,1,1,0,10.0,0.0
500043,18.67,335.06,1,0,0,0,6.46,0.0
500044,23.39,346.91,0,1,0,0,6.93,34.91
500045,18.68,586.84,1,1,0,1,7.49,0.0
500046,27.69,157.85,0,1,0,0,7.12,12.6
500047,2.76,317.4,1,0,0,0,9.25,9.3
500048,12.1,76.98,1,0,0,0,5.44,25.21
500049,28.33,347.1,0,0,0,0,7.91,8.88
500050,24.38,98.74,0,1,0,0,6.8,31.49
500051,21.78,128.03,0,1,0,0,8.27,19.21
500052,26.63,264.11,0,0,1,0,6.11,26.92
500053,4.58,156.3,0,0,0,0,5.87,34.55
500054,23.57,144.97,0,0,0,0,7.82,25.58
500055,25.45,168.51,1,0,0,0,7.14,3.28
500056,13.39,328.63,0,1,0,0,5.02,24.94
500057,36.4,131.7,1,1,0,0,8.92,5.88
500058,19.37,213.54,1,0,0,1,7.82,7.51
500059,2.65,178.64,1,0,0,0,6.37,16.6
500060,20.67,345.35,0,0,1,0,5.66,28.58
500061,12.96,350.72,1,0,0,1,7.16,7.28
500062,26.15,80.18,0,1,0,0,7.69,23.83
500063,21.84,390.89,1,0,0,0,3.63,37.67
500064,13.81,157.23,0,0,0,0,7.18,12.83
500065,28.52,250.53,1,0,0,0,7.67,20.88
500066,24.58,131.27,0,0,0,0,2.27,37.4
500067,12.2,269.82,0,0,0,1,6.85,31.09
500068,16.94,895.04,0,1,0,0,7.75,10.97
500069,21.62,235.94,1,1,0,0,7.55,15.51
500070,15.45,170.84,0,0,1,0,7.94,15.31
500071,15.66,193.63,1,0,0,0,5.91,4.45
500072,18.26,98.07,0,0,0,0,4.63,20.3
500073,10.54,488.12,0,0,0,0,3.26,23.81
500074,2.37,261.31,1,0,0,0,8.47,13.11
500075,19.67,123.56,0,0,0,0,7.77,27.89
500076,4.08,125.79,0,0,0,0,8.6,8.81
500077,11.05,221.86,1,0,0,0,5.19,37.64
500078,5.6,367.32,1,0,1,0,7.95,13.08
500079,6.46,116.81,0,0,0,0,3.8,27.75
500080,20.98,405.86,0,0,0,0,4.93,30.3
500081,16.44,209.19,0,0,0,0,6.73,36.87
500082,16.19,131.89,1,0,0,0,7.69,23.44
500083,8.79,170.1,1,1,1,0,9.52,8.61
500084,13.41,575.55,1,1,1,0,6.07,23.16
500085,20.64,102.53,1,0,0,0,4.94,18.24
500086,17.64,147.1,1,0,0,0,4.85,17.69
500087,23.76,371.5,1,0,1,0,5.26,25.21
500088,24.76,247.81,1,1,1,1,10.0,1.04
500089,16.23,142.37,0,1,1,0,7.86,15.07
500090,5.03,374.0,0,0,0,0,8.5,22.33
500091,12.7,383.9,1,0,0,0,6.07,14.96
500092,17.32,263.99,0,0,0,1,6.5,18.06
500093,12.56,157.09,1,0,0,0,7.76,25.72
500094,10.62,170.98,0,0,0,0,5.59,29.54
500095,18.49,257.29,0,0,0,0,5.98,34.31
500096,35.01,106.92,0,1,0,0,5.29,22.8
500097,14.58,456.65,1,0,0,0,5.69,14.31
500098,17.98,560.45,1,0,0,0,6.59,13.21
500099,8.82,193.22,0,0,0,0,5.02,28.7
500100,26.7,267.6,1,0,0,0,7.01,11.77
500101,24.12,422.34,0,0,0,0,7.01,27.98
500102,23.64,644.96,0,1,1,0,6.18,32.67
500103,27.52,518.0,1,1,0,0,5.01,40.85
500104,15.01,84.7,0,0,0,0,6.69,22.3
500105,15.88,184.95,0,0,0,0,5.59,18.94
500106,29.97,289.75,1,0,1,1,6.58,15.48
500107,22.43,167.64,0,1,0,0,8.48,6.78
500108,2.47,586.49,0,0,0,0,4.24,43.78
500109,21.18,539.04,1,1,0,0,10.0,1.97
500110,13.93,140.45,1,0,0,0,6.37,36.36
500111,24.29,201.2,1,1,1,0,7.24,5.8
500112,20.86,145.67,0,0,0,0,5.15,34.82
500113,5.82,197.61,0,1,0,1,8.56,0.0
500114,19.88,194.35,1,1,0,0,6.27,37.48
500115,19.47,371.84,0,0,0,0,5.79,39.41
500116,20.54,134.96,1,0,0,1,5.46,20.59
500117,22.03,52.17,0,1,0,0,6.02,35.84
500118,28.47,91.02,0,1,1,0,7.25,11.0
500119,20.9,124.97,1,0,0,0,6.81,32.53
500120,18.16,153.39,1,0,0,1,6.43,12.11
500121,26.04,243.85,1,0,1,0,5.22,26.43
500122,33.7,121.48,0,0,1,0,5.12,27.44
500123,24.41,113.02,1,0,0,0,5.67,13.38
500124,19.44,131.95,0,0,1,0,7.33,13.08
500125,21.03,119.11,1,0,1,0,7.69,25.95
500126,19.79,162.17,1,0,0,1,7.93,0.0
500127,18.13,158.4,0,1,0,1,6.5,24.78
500128,33.16,321.38,1,1,1,0,7.19,8.55
500129,12.76,127.66,0,0,0,0,6.2,32.45
500130,26.08,180.72,0,0,0,0,3.36,34.13
500131,17.12,163.02,1,0,0,0,6.11,41.38
500132,7.64,343.27,1,1,0,0,5.82,48.39
500133,16.68,202.1,1,0,1,0,4.63,22.27
500134,14.17,392.1,0,0,1,0,5.48,39.59
500135,22.04,116.73,1,0,0,0,6.74,29.45
500136,18.64,214.11,0,1,0,0,4.46,37.72
500137,10.85,160.27,1,0,0,0,5.22,24.64
500138,28.3,112.09,0,1,0,0,9.29,4.34
500139,25.63,211.98,0,1,0,0,3.62,20.52
500140,29.1,570.63,0,0,0,0,6.17,13.49
500141,19.66,137.62,0,0,0,0,4.4,47.31
500142,17.75,205.11,1,0,0,0,5.15,27.85
500143,22.92,106.9,1,1,0,0,6.14,1.05
500144,13.96,98.6,0,0,0,0,4.72,38.31
500145,18.91,142.68,1,1,0,0,7.53,2.56
500146,16.77,171.77,0,0,0,1,8.93,13.86
500147,7.77,176.01,0,1,0,1,8.02,28.66
500148,18.89,194.28,1,0,0,1,8.34,7.88
500149,14.91,88.86,0,1,0,0,4.02,27.05
500150,16.3,155.92,1,0,0,0,6.06,22.47
500151,20.55,289.92,0,0,1,0,7.34,23.29
500152,26.91,104.23,1,0,0,0,8.07,0.0
500153,12.06,180.96,0,1,1,0,9.66,14.17
500154,15.64,258.45,1,0,0,0,8.42,14.46
500155,12.64,143.08,0,0,1,1,8.11,9.81
500156,12.19,265.46,0,0,0,0,10.0,12.81
500157,13.84,95.3,0,0,0,0,6.67,19.33
500158,16.62,358.62,0,0,1,0,5.98,29.11
500159,22.1,269.03,0,0,0,1,6.82,31.16
500160,20.24,226.84,0,0,0,0,4.85,42.27
500161,10.6,408.41,0,1,1,0,6.62,20.64
500162,27.06,183.55,0,1,0,0,3.39,34.44
500163,24.61,156.62,0,0,0,0,5.55,19.02
500164,11.69,468.03,0,0,0,0,6.29,30.54
500165,26.57,605.5,1,1,0,0,8.21,8.29
500166,20.29,150.24,0,1,1,1,8.5,0.0
500167,16.9,206.66,1,0,0,0,4.77,23.68
500168,20.51,390.88,1,1,0,1,10.0,5.57
500169,17.82,210.74,0,0,1,1,6.77,19.87
500170,21.82,305.1,1,0,0,1,6.93,15.1
500171,19.31,337.93,1,1,1,0,3.59,16.8
500172,15.64,161.48,0,0,0,0,5.38,26.41
500173,3.82,277.06,0,1,0,0,8.39,22.37
500174,21.69,219.25,1,0,0,0,6.81,10.59
500175,15.38,112.66,0,0,1,0,6.69,25.28
500176,23.45,127.65,1,1,0,0,6.91,21.88
500177,21.37,153.67,0,0,0,0,3.9,36.49
500178,15.57,366.62,1,0,0,0,6.33,23.95
500179,25.16,373.3,1,0,1,0,9.03,2.2
500180,19.43,332.31,0,0,1,0,8.46,8.06
500181,19.15,280.25,0,0,0,0,6.27,19.94
500182,17.03,276.08,0,0,0,0,9.31,31.72
500183,29.78,256.28,0,0,0,0,4.23,39.94
500184,13.01,275.28,0,0,0,0,4.75,15.14
500185,15.74,285.74,0,1,0,0,9.85,9.37
500186,9.34,101.62,1,1,0,0,7.54,19.79
500187,23.09,142.45,0,1,0,0,5.98,30.57
500188,13.92,124.93,0,0,1,0,6.4,16.47
500189,14.71,404.46,1,0,1,0,5.05,26.07
500190,14.38,546.42,1,1,0,1,7.0,2.62
500191,18.44,66.73,1,0,0,0,6.86,25.34
500192,9.24,520.23,0,0,0,0,6.54,30.58
500193,2.3,230.75,0,0,0,0,4.41,32.03
500194,21.2,383.99,0,0,1,0,6.98,25.21
500195,3.21,290.67,1,0,0,0,5.55,23.21
500196,23.98,485.82,1,1,0,0,4.73,24.5
500197,28.91,246.9,0,0,0,1,8.78,5.65
500198,16.85,103.93,1,1,1,0,10.0,0.0
500199,27.1,207.58,1,0,1,1,10.0,0.0
500200,17.83,292.14,0,0,0,0,7.67,24.37
500201,29.19,195.36,0,0,0,0,6.02,23.44
500202,14.81,315.89,0,0,0,0,6.37,26.06
500203,1.45,212.19,0,1,0,0,7.23,22.59
500204,17.44,158.55,1,0,1,0,5.74,38.36
500205,29.96,121.07,0,0,0,1,8.87,15.33
500206,21.74,177.35,0,0,0,0,2.84,45.85
500207,14.39,246.2,0,0,0,0,5.97,32.26
500208,20.3,74.89,1,1,1,1,7.94,0.0
500209,24.8,143.25,0,1,0,0,4.98,28.03
500210,17.4,73.36,1,0,0,0,6.07,11.67
500211,36.38,156.68,1,0,1,0,7.57,9.04
500212,14.38,425.03,0,0,1,0,9.23,16.95
500213,25.02,114.58,0,0,0,0,4.17,22.71
500214,23.33,323.88,0,0,0,0,4.04,26.18
500215,13.1,1054.14,0,0,0,0,4.8,42.37
500216,15.03,489.35,1,0,0,0,3.73,34.14
500217,25.13,236.76,0,0,0,0,3.86,28.15
500218,19.01,352.75,1,0,0,0,4.75,44.48
500219,20.37,103.58,1,0,1,0,8.72,20.81
500220,6.55,92.6,0,1,0,0,5.94,25.68
500221,22.59,223.5,1,0,0,0,6.56,19.49
500222,20.01,273.93,0,1,0,1,4.78,24.26
500223,17.55,401.64,1,0,1,0,7.64,11.77
500224,20.53,160.9,0,0,1,0,9.88,6.72
500225,15.14,244.69,1,0,0,1,4.9,20.59
500226,13.86,240.12,0,0,1,0,9.6,13.65
500227,16.31,204.66,0,0,0,0,7.16,35.96
500228,14.75,211.4,0,1,0,0,6.53,38.03
500229,33.26,137.49,1,0,1,0,7.22,19.16
500230,24.38,256.59,0,0,0,1,7.2,25.16
500231,11.22,244.91,0,1,0,1,9.84,0.0
500232,32.25,172.71,1,1,0,1,7.44,14.7
500233,14.97,317.29,0,0,0,1,7.47,29.97
500234,18.21,387.2,0,0,1,0,5.74,28.86
500235,24.28,319.32,0,0,0,0,8.01,24.81
500236,4.21,124.0,0,0,0,0,4.78,42.01
500237,16.34,232.39,1,0,0,0,6.7,33.26
500238,13.99,133.27,0,1,0,0,10.0,13.51
500239,19.44,232.0,0,0,0,0,1.99,57.37
500240,20.59,133.55,0,0,0,1,6.92,29.4
500241,17.46,444.11,0,0,0,0,6.99,17.66
500242,17.13,338.48,1,0,0,0,6.09,23.88
500243,25.46,414.79,1,1,0,0,6.13,20.06
500244,20.11,392.32,0,1,0,0,6.66,23.43
500245,18.29,189.58,0,0,0,0,6.05,17.44
500246,19.04,174.08,0,0,0,0,6.9,24.83
500247,30.85,573.4,0,0,0,0,5.62,7.11
500248,19.21,200.9,1,0,0,1,10.0,10.36
500249,14.4,104.44,0,0,0,0,6.05,24.95
500250,4.64,382.88,1,0,0,0,7.53,22.53
500251,7.96,238.1,0,0,0,0,5.3,37.28
500252,14.73,503.66,1,1,0,0,8.18,16.41
500253,17.24,251.45,0,0,0,0,7.82,3.72
500254,14.11,217.59,1,1,0,0,7.25,17.55
500255,20.46,509.28,1,0,0,0,4.65,6.91
500256,14.02,94.39,1,1,0,0,5.15,4.39
500257,11.6,159.44,0,0,0,0,9.54,14.22
500258,22.29,135.04,1,0,0,0,5.13,19.52
500259,27.59,65.78,0,1,0,0,7.65,10.77
500260,10.25,355.62,0,0,0,0,4.8,28.52
500261,19.71,161.91,1,0,0,1,8.32,23.44
500262,4.66,361.98,0,0,0,0,5.26,49.91
500263,7.68,272.5,0,0,0,0,4.77,38.46
500264,13.88,307.22,1,0,0,0,5.22,32.08
500265,25.94,171.26,1,0,0,0,5.5,19.24
500266,12.55,144.5,0,0,0,0,7.23,30.53
500267,12.29,231.13,0,1,1,1,6.62,14.58
500268,18.25,364.73,1,0,1,0,4.53,23.27
500269,18.26,213.99,0,0,0,0,6.45,40.3
500270,12.5,149.54,0,1,0,0,4.44,29.13
500271,31.9,113.77,0,0,1,1,7.66,25.21
500272,16.14,246.14,0,1,1,0,7.99,11.16
500273,18.8,162.21,0,0,1,0,6.46,16.88
500274,15.19,211.49,0,0,1,0,6.99,7.19
500275,21.08,192.92,1,0,0,1,9.65,14.42
500276,26.64,172.29,0,1,0,0,6.22,49.62
500277,29.65,258.58,1,1,0,0,4.8,30.03
500278,12.66,298.45,0,0,0,0,7.54,20.42
500279,25.71,648.42,0,0,1,0,4.46,38.21
500280,21.85,333.79,1,0,0,0,6.12,0.0
500281,24.82,528.56,1,0,0,0,5.42,8.53
500282,17.36,140.25,0,1,1,0,5.24,27.77
500283,16.69,91.2,0,0,1,0,6.05,24.96
500284,24.55,218.26,0,1,0,0,8.12,20.56
500285,24.68,352.67,0,0,1,0,8.49,18.0
500286,28.96,323.52,1,0,1,0,8.17,0.0
500287,19.39,428.33,1,0,0,1,7.11,12.32
500288,17.25,54.52,0,0,0,0,6.04,17.0
500289,1.0,438.24,0,0,0,0,2.26,33.29
500290,6.72,264.58,0,1,0,0,7.16,34.56
500291,15.24,94.11,0,1,0,0,2.4,31.7
500292,10.29,327.53,1,1,0,0,3.04,35.98
500293,23.7,241.49,0,0,0,0,6.21,35.87
500294,8.83,271.32,0,0,0,0,6.98,14.3
500295,14.49,381.13,0,0,0,0,5.69,33.55
500296,14.77,278.74,1,0,0,1,9.26,18.11
500297,26.43,97.86,0,0,0,1,7.33,23.37
500298,13.74,203.36,0,1,0,0,6.05,29.83
500299,21.17,90.37,0,1,0,0,9.0,11.43
500300,19.37,314.38,0,0,0,0,9.32,5.55
500301,24.32,474.62,1,1,0,0,7.42,13.61
500302,23.95,111.14,0,0,0,0,5.1,53.39
500303,17.77,152.07,0,1,0,0,5.51,17.69
500304,6.13,135.41,0,0,0,0,3.9,36.47
500305,16.38,171.4,0,1,0,0,6.42,22.21
500306,17.86,276.02,1,0,0,0,4.61,35.69
500307,20.0,172.42,0,1,0,0,5.91,30.18
500308,12.84,314.98,1,1,1,0,6.97,5.53
500309,25.99,395.28,1,0,0,0,2.93,14.4
500310,18.1,403.27,0,0,0,0,4.23,32.57
500311,11.56,118.94,1,0,0,0,5.59,33.9
500312,14.79,471.49,0,1,0,1,6.41,15.31
500313,31.5,492.73,0,0,1,1,5.61,15.6
500314,22.65,516.77,1,0,0,0,6.01,33.23
500315,25.34,201.71,1,0,0,0,5.23,34.41
500316,10.71,145.49,1,1,0,0,3.89,36.91
500317,13.18,128.03,1,0,0,0,5.54,26.92
500318,13.23,120.02,1,0,0,0,6.12,18.54
500319,19.29,221.42,1,0,0,0,5.94,37.85
500320,16.78,350.71,1,0,0,0,6.7,33.25
500321,14.57,451.35,1,0,1,1,7.25,14.75
500322,15.45,168.44,1,1,0,0,7.73,19.12
500323,12.44,215.37,1,1,0,0,5.36,24.31
500324,16.74,207.75,1,1,0,0,3.66,28.85
500325,25.79,155.12,1,0,0,0,8.79,16.49
500326,7.41,329.74,1,1,0,0,7.19,13.25
500327,20.43,268.59,1,1,0,0,4.78,26.49
500328,27.66,237.85,1,1,0,0,7.0,0.0
500329,16.72,267.92,0,1,0,1,8.42,7.72
500330,14.3,308.62,1,0,0,0,9.61,8.54
500331,24.47,306.93,1,1,0,0,6.95,23.37
500332,11.11,138.72,0,0,0,0,8.41,13.48
500333,17.84,360.18,0,0,0,0,4.32,42.43
500334,10.72,253.17,1,0,0,0,6.44,18.8
500335,4.91,173.22,0,0,0,1,5.9,13.0
500336,16.94,250.25,0,0,0,1,7.12,14.62
500337,9.16,265.89,0,0,0,1,9.4,15.48
500338,17.92,398.86,0,1,0,1,6.95,15.16
500339,25.81,123.75,0,0,1,0,4.81,17.35
500340,30.98,455.94,0,0,0,0,4.23,32.35
500341,18.65,222.82,1,1,0,0,9.46,7.11
500342,25.13,166.54,0,0,1,0,7.42,26.83
500343,20.79,163.76,0,0,0,1,7.31,14.15
500344,15.32,126.83,1,0,0,0,5.88,18.93
500345,4.53,84.45,1,0,1,0,6.98,7.01
500346,29.39,319.32,0,1,0,0,4.72,22.18
500347,10.66,654.01,0,0,0,0,7.2,25.76
500348,27.68,90.37,0,1,0,0,4.39,36.66
500349,21.76,130.44,1,0,0,0,5.85,41.21
500350,11.17,332.62,0,0,0,0,5.34,43.1
500351,20.18,214.55,1,0,0,0,1.0,51.83
500352,32.93,348.12,0,0,0,0,5.88,22.34
500353,28.75,208.03,0,0,0,0,4.88,28.0
500354,14.41,159.86,1,0,0,0,6.12,49.07
500355,13.02,194.3,0,1,0,0,6.5,19.27
500356,18.7,59.35,1,0,0,0,9.68,12.32
500357,16.84,117.3,1,1,0,0,7.05,17.99
500358,26.4,370.62,0,1,1,0,7.1,16.89
500359,23.18,423.76,1,1,1,0,7.39,4.81
500360,6.15,476.76,0,0,1,0,8.07,25.08
500361,21.21,280.37,0,0,0,0,7.32,22.55
500362,16.75,63.61,1,1,0,0,7.01,22.99
500363,18.26,155.15,0,0,0,0,7.78,34.03
500364,19.74,455.86,0,0,0,0,2.13,30.46
500365,26.39,537.17,0,1,1,0,10.0,0.0
500366,24.84,465.49,0,1,0,1,9.36,1.24
500367,12.75,193.19,0,0,0,0,6.89,28.79
500368,17.59,107.23,0,0,0,0,3.96,18.29
500369,14.86,215.14,1,1,0,0,8.68,7.98
500370,6.23,221.8,1,1,0,0,5.25,27.14
500371,17.23,520.45,0,0,0,0,7.46,11.51
500372,30.91,249.36,1,0,0,0,4.19,26.09
500373,6.02,222.03,0,1,1,0,10.0,9.97
500374,17.83,229.08,0,0,0,0,3.9,44.6
500375,17.61,274.12,1,0,0,0,6.62,39.55
500376,20.01,310.5,0,0,0,0,2.68,39.87
500377,11.26,147.69,1,1,0,0,6.43,8.98
500378,8.02,122.97,1,0,0,0,5.73,27.0
500379,8.35,467.52,0,0,0,0,8.55,24.28
500380,27.32,89.22,0,0,0,0,5.73,33.88
500381,11.12,541.52,0,0,1,0,8.55,12.98
500382,14.5,76.92,1,0,0,0,4.66,28.94
500383,32.73,159.51,0,0,1,0,5.99,13.5
500384,12.86,375.46,0,0,0,0,6.03,21.55
500385,20.4,220.04,0,1,1,1,7.39,18.74
500386,25.45,106.65,1,0,0,0,7.16,7.54
500387,25.11,278.15,1,1,0,0,7.8,9.56
500388,8.68,228.26,0,0,0,0,6.98,34.52
500389,13.01,195.35,0,0,0,0,7.69,20.75
500390,20.12,156.1,1,1,0,0,4.88,13.04
500391,31.5,215.85,0,0,0,0,7.2,33.1
500392,12.67,159.74,0,0,0,0,9.39,21.42
500393,14.54,839.34,0,0,0,0,3.48,38.98
500394,20.94,192.79,0,0,1,0,7.38,18.42
500395,22.34,179.12,1,1,0,0,7.72,13.62
500396,22.76,163.32,0,1,0,0,9.13,7.76
500397,12.08,584.61,0,0,1,1,7.81,21.19
500398,14.28,89.31,0,0,0,0,6.68,30.51
500399,19.51,268.09,0,0,0,0,7.27,31.68
500400,26.84,192.87,0,0,0,0,5.18,26.1
500401,16.33,100.56,1,0,0,0,5.8,8.13
500402,17.84,140.21,0,0,0,0,4.1,36.67
500403,10.82,261.9,0,0,1,0,9.18,10.68
500404,31.04,136.76,1,0,0,0,7.31,34.8
500405,19.08,253.76,0,0,0,1,4.85,30.54
500406,25.54,569.44,1,0,1,0,6.99,16.1
500407,18.21,241.64,0,1,1,0,8.59,13.54
500408,18.6,98.91,0,0,0,0,8.29,25.76
500409,7.5,138.09,0,1,0,0,4.83,25.44
500410,2.94,188.04,0,0,0,0,1.0,49.47
500411,26.76,181.25,1,0,0,0,7.21,14.42
500412,18.55,239.18,0,0,0,0,4.9,41.43
500413,19.44,261.25,0,1,1,0,7.62,1.05
500414,9.26,569.88,1,0,0,0,8.21,15.91
500415,11.68,219.55,1,1,0,1,8.5,0.0
500416,25.44,116.74,0,1,0,0,9.64,8.47
500417,30.18,414.98,1,0,0,0,8.73,0.0
500418,13.65,440.67,1,0,0,0,9.65,7.79
500419,22.7,250.0,1,1,1,0,8.98,9.76
500420,19.33,192.12,1,0,0,0,9.14,1.65
500421,17.16,309.83,0,0,0,0,6.43,12.23
500422,30.96,195.89,0,0,0,0,4.18,42.6
500423,14.83,71.02,1,0,0,0,10.0,14.35
500424,26.68,299.93,0,0,0,1,6.61,20.49
500425,20.67,359.37,1,1,1,0,8.71,0.0
500426,17.88,486.01,0,1,0,0,5.51,26.76
500427,27.6,147.19,1,0,0,0,8.24,29.43
500428,20.03,249.14,0,0,0,0,2.1,35.63
500429,17.33,252.12,0,0,1,0,5.76,36.09
500430,27.66,230.58,0,1,0,0,6.32,18.09
500431,26.74,234.35,0,0,0,1,7.33,17.27
500432,26.41,224.54,1,0,0,0,8.43,7.98
500433,1.0,247.17,1,0,0,0,4.53,40.74
500434,21.08,330.63,1,0,1,0,7.69,16.53
500435,19.48,430.43,0,0,0,0,8.71,20.14
500436,17.76,145.13,1,0,0,0,10.0,15.97
500437,22.27,200.11,0,1,1,0,7.77,15.94
500438,19.82,174.37,0,0,0,0,5.67,32.74
500439,22.74,161.18,0,0,0,0,4.21,34.05
500440,16.12,90.45,1,0,0,0,9.79,5.51
500441,28.49,222.95,1,1,0,0,7.83,14.74
500442,23.45,286.36,0,0,0,0,6.46,36.47
500443,21.8,202.01,0,0,0,0,3.58,39.71
500444,21.46,218.92,0,0,0,0,4.82,17.04
500445,26.1,276.93,1,0,1,0,7.64,2.41
500446,25.15,478.06,1,0,0,0,7.14,13.55
500447,17.21,174.65,1,0,0,0,3.0,39.8
500448,24.93,115.5,1,0,0,0,7.64,17.2
500449,19.22,209.32,0,1,0,0,3.68,19.64
500450,31.42,619.92,0,0,1,0,8.94,18.53
500451,25.68,116.18,0,0,0,1,6.88,13.94
500452,13.62,314.57,0,0,0,0,5.67,30.44
500453,34.31,415.91,1,0,1,1,8.28,4.75
500454,3.29,59.89,0,0,1,0,7.14,17.81
500455,22.46,275.68,0,0,0,1,8.88,6.36
500456,13.13,306.59,1,0,0,0,6.64,0.03
500457,31.18,189.92,0,1,0,0,6.75,17.7
500458,19.77,154.17,0,0,0,0,5.99,19.59
500459,12.44,158.98,0,1,0,0,6.97,17.74
500460,16.13,183.63,1,0,0,0,9.56,0.0
500461,13.0,186.32,0,0,0,0,5.6,38.46
500462,15.86,167.96,0,0,1,0,7.67,24.46
500463,15.7,182.03,0,0,0,0,4.92,32.66
500464,12.74,423.5,1,0,0,0,2.78,31.29
500465,19.89,112.81,1,0,1,0,6.87,8.21
500466,20.74,84.07,0,0,1,0,7.17,15.71
500467,11.03,427.25,1,0,1,0,6.3,18.06
500468,6.39,197.95,1,0,0,0,3.81,25.59
500469,20.18,177.7,0,0,0,0,7.05,17.57
500470,21.72,206.95,1,1,0,0,6.98,21.89
500471,23.11,246.84,0,1,1,0,4.9,4.81
500472,21.86,164.91,0,0,0,0,4.06,44.92
500473,29.01,290.58,0,0,0,0,6.05,29.5
500474,24.98,129.59,0,1,0,0,7.68,17.09
500475,36.76,186.35,1,1,0,0,7.25,10.85
500476,39.7,65.08,1,0,0,0,4.91,28.16
500477,5.69,419.2,1,1,0,0,6.75,21.33
500478,2.62,199.69,1,0,0,0,8.1,20.31
500479,17.95,318.04,0,0,0,0,4.39,33.13
500480,21.53,285.93,0,0,0,0,6.61,28.74
500481,17.47,297.68,0,1,0,1,8.91,15.17
500482,22.93,219.06,1,1,1,0,4.21,22.77
500483,16.11,272.37,1,1,0,1,8.58,0.0
500484,13.14,129.66,0,1,0,0,9.41,13.43
500485,14.2,115.52,0,0,0,0,6.1,36.09
500486,16.6,208.1,1,0,0,0,5.88,23.1
500487,23.9,151.37,1,1,0,0,8.36,18.41
500488,14.59,481.85,1,0,0,0,6.16,18.59
500489,15.98,270.41,0,0,0,0,2.26,59.29
500490,21.99,148.35,1,1,0,0,6.32,18.66
500491,16.61,189.48,0,1,0,0,7.35,34.39
500492,25.82,236.7,1,0,1,0,7.83,17.65
500493,11.56,211.92,0,0,0,0,4.91,20.62
500494,10.05,255.47,0,0,0,1,6.01,44.34
500495,20.13,228.47,1,1,0,0,8.26,4.66
500496,20.83,102.39,0,0,0,0,6.39,28.95
500497,11.95,67.4,0,1,0,0,3.75,25.09
500498,27.41,179.14,0,1,0,0,8.73,5.25
500499,31.47,299.44,0,0,0,1,6.11,28.95
500500,13.61,180.25,1,0,0,0,8.46,24.12
500501,28.41,434.3,1,1,0,0,3.99,48.08
500502,1.33,214.4,0,1,0,0,6.28,13.44
500503,25.53,464.09,0,0,0,0,7.42,0.0
500504,12.0,414.54,0,1,1,0,6.34,30.65
500505,24.83,392.22,1,0,1,0,4.37,21.53
500506,11.27,113.49,0,0,0,0,2.2,58.9
500507,17.52,222.08,1,1,0,0,9.24,10.99
500508,12.33,431.02,1,0,0,0,6.95,13.31
500509,16.5,255.55,0,1,0,0,8.6,0.0
500510,30.81,298.43,0,0,0,0,8.17,27.67
500511,17.24,102.54,1,0,0,0,7.57,26.56
500512,32.77,632.05,1,1,0,0,5.92,24.56
500513,15.3,142.36,1,0,0,0,7.38,23.69
500514,28.44,73.46,1,1,0,1,9.08,9.26
500515,6.62,181.36,0,0,0,1,6.65,15.63
500516,15.99,57.25,1,0,0,1,9.92,0.0
500517,14.25,121.12,0,0,0,0,3.8,45.09
500518,28.76,898.57,0,0,0,0,3.61,25.31
500519,19.3,178.5,1,0,0,0,8.28,19.62
500520,3.38,100.32,0,0,0,0,5.03,23.81
500521,8.83,223.08,0,1,0,0,10.0,5.9
500522,10.91,134.27,0,1,0,0,8.91,11.64
500523,24.54,353.93,1,1,0,1,9.36,0.0
500524,23.64,134.88,0,1,1,0,8.09,10.59
500525,15.9,255.32,1,0,0,0,4.84,28.04
500526,14.16,117.07,0,0,0,0,3.51,42.42
500527,23.01,918.82,0,0,1,0,9.19,5.71
500528,10.09,290.21,0,1,0,0,3.8,41.13
500529,21.2,203.08,1,0,0,0,9.35,18.31
500530,20.61,187.26,1,0,0,0,7.71,24.49
500531,16.08,162.25,1,0,0,0,6.36,25.8
500532,20.78,144.77,1,0,1,1,7.3,9.94
500533,18.71,142.6,1,0,1,1,7.34,28.46
500534,21.48,553.75,0,0,0,0,6.14,28.02
500535,8.66,162.34,0,1,1,0,9.07,2.29
500536,22.3,68.2,1,1,0,0,9.0,10.34
500537,25.19,115.86,0,0,0,0,6.78,22.63
500538,20.25,366.46,0,1,0,0,5.42,17.86
500539,22.21,191.49,0,1,0,1,8.85,7.0
500540,17.23,204.36,0,0,0,0,2.86,25.87
500541,24.24,418.65,0,0,0,0,7.3,19.8
500542,18.46,143.48,1,1,0,0,7.83,25.87
500543,9.96,311.52,0,0,0,0,5.01,18.24
500544,23.74,152.37,0,1,0,0,8.25,10.47
500545,6.56,301.98,0,0,0,0,6.45,15.77
500546,19.98,177.42,1,0,0,0,5.52,22.05
500547,15.31,192.63,0,0,1,1,8.23,11.94
500548,14.86,345.4,0,1,0,0,4.55,21.02
500549,19.2,331.97,1,1,1,0,8.06,15.22
500550,13.03,200.87,0,0,0,0,2.93,44.88
500551,21.59,169.73,0,0,1,1,7.01,8.22
500552,18.4,530.15,0,0,0,0,6.58,32.32
500553,13.68,304.22,1,0,0,0,5.53,14.05
500554,27.37,177.42,0,0,1,0,7.2,8.98
500555,19.43,153.61,0,1,1,0,6.36,14.34
500556,22.42,386.57,1,0,1,1,8.4,2.47
500557,27.92,234.42,0,0,0,1,7.51,11.11
500558,27.8,201.07,1,0,0,0,7.31,24.27
500559,22.06,234.36,0,1,1,1,7.03,12.46
500560,15.88,264.92,0,1,0,0,5.65,29.5
500561,7.99,213.25,0,0,0,0,5.96,40.25
500562,19.45,426.52,0,1,0,0,6.95,10.74
500563,25.66,439.78,1,1,0,0,6.19,25.47
500564,20.48,294.76,0,0,0,0,8.5,16.29
500565,1.0,468.59,1,0,0,0,6.67,42.12
500566,24.09,221.03,0,1,0,1,7.18,7.55
500567,24.52,321.6,1,0,0,0,3.98,35.29
500568,15.89,382.25,0,1,0,0,8.2,6.83
500569,24.92,385.33,0,0,0,0,5.45,26.74
500570,22.4,364.1,0,0,0,0,4.62,26.42
500571,13.2,311.31,1,0,0,0,9.46,11.63
500572,26.9,645.51,1,1,0,0,7.76,1.74
500573,9.13,163.5,1,0,0,1,8.26,26.29
500574,17.6,202.0,1,0,0,0,7.32,27.06
500575,16.9,195.52,0,0,1,0,6.33,29.67
500576,12.22,179.68,0,0,1,0,6.0,19.91
500577,20.13,73.69,0,1,1,1,7.9,0.0
500578,27.17,468.63,1,1,1,1,8.54,8.79
500579,26.73,125.12,1,0,0,0,6.38,18.76
500580,23.07,241.54,1,1,0,1,10.0,0.0
500581,6.13,100.65,0,0,0,0,6.14,28.26
500582,8.65,309.52,0,1,0,0,3.99,37.36
500583,19.16,142.83,0,1,0,0,3.4,50.48
500584,17.76,117.78,0,1,0,0,3.46,32.37
500585,14.51,244.82,0,1,0,0,5.76,12.54
500586,31.34,149.64,0,0,1,0,6.08,26.6
500587,18.74,160.43,1,1,0,0,7.73,12.18
500588,21.8,241.8,0,0,0,0,6.45,22.57
500589,24.92,341.59,0,1,0,0,8.02,16.28
500590,18.38,140.26,1,0,0,0,6.58,19.55
500591,36.14,127.55,0,0,0,0,6.52,34.09
500592,11.42,222.86,0,1,0,0,5.46,24.93
500593,13.76,295.96,0,1,0,0,9.06,1.18
500594,11.4,491.83,1,0,0,0,3.74,44.98
500595,28.94,122.05,1,1,0,0,7.04,1.09
500596,23.61,184.7,0,1,0,0,6.17,34.41
500597,14.19,420.02,1,0,0,0,7.91,6.27
500598,11.95,651.21,1,0,0,1,6.46,19.61
500599,27.69,127.41,1,0,0,1,6.52,1.39
500600,20.53,146.54,1,1,0,0,6.02,23.0
500601,27.87,271.3,0,1,1,0,9.01,2.93
500602,17.58,160.11,0,0,0,0,6.5,30.6
500603,21.58,144.9,1,0,1,0,10.0,0.0
500604,20.1,251.66,0,1,0,0,6.99,20.81
500605,13.63,515.85,1,0,0,0,6.54,25.16
500606,16.99,107.06,1,0,1,0,6.24,36.97
500607,9.71,501.55,0,0,0,0,7.52,34.14
500608,21.46,160.37,0,0,0,0,5.44,49.39
500609,23.33,266.08,1,0,0,0,6.76,14.8
500610,24.93,527.74,0,0,0,0,6.51,17.4
500611,22.67,263.11,1,1,0,0,7.09,9.69
500612,17.1,186.79,0,0,0,1,7.13,18.75
500613,28.86,326.56,1,0,0,0,7.22,12.57
500614,24.25,200.01,0,0,1,1,6.67,16.05
500615,27.72,293.06,1,0,0,0,9.32,8.36
500616,28.16,196.58,1,1,0,0,7.26,12.38
500617,17.12,353.28,0,1,0,0,10.0,4.56
500618,20.72,102.19,0,0,0,0,6.59,35.96
500619,23.42,125.99,1,0,1,0,8.23,14.71
500620,9.96,101.36,0,0,0,0,5.19,36.02
500621,10.11,213.28,0,1,0,0,9.02,8.49
500622,8.9,94.86,1,0,1,1,5.23,5.02
500623,17.24,150.37,0,0,0,0,7.32,24.76
500624,15.67,119.64,0,0,0,0,6.02,32.4
500625,7.95,496.43,0,1,0,0,7.31,12.04
500626,19.05,127.58,0,0,0,0,6.08,17.44
500627,17.33,108.42,0,1,0,0,5.08,40.87
500628,26.28,252.2,0,0,0,0,6.01,29.76
500629,32.09,556.34,0,1,1,1,9.27,0.0
500630,21.2,206.39,1,0,1,0,7.34,14.13
500631,13.12,215.36,0,1,0,0,4.18,33.97
500632,22.53,447.44,0,1,0,0,8.47,10.89
500633,18.07,356.61,0,0,0,0,4.9,51.14
500634,16.32,278.0,0,0,0,0,7.84,33.74
500635,11.97,159.71,1,0,1,0,7.5,5.27
500636,14.75,282.71,1,0,0,0,7.61,28.02
500637,16.76,104.08,1,0,0,0,9.84,12.6
500638,23.63,156.12,0,0,1,0,5.01,22.82
500639,21.58,483.44,1,1,0,0,7.6,5.89
500640,30.78,450.21,1,1,0,0,8.77,4.48
500641,22.72,279.85,0,0,0,0,5.34,31.86
500642,20.97,76.13,0,0,0,0,5.16,16.96
500643,15.86,113.19,0,1,1,0,5.98,25.87
500644,10.74,151.4,1,0,1,0,7.08,0.0
500645,14.01,200.18,0,0,0,0,3.96,31.95
500646,13.1,110.6,0,0,0,0,7.49,20.02
500647,1.0,192.13,1,0,0,0,3.96,33.81
500648,10.94,581.52,1,0,0,0,8.83,0.0
500649,29.22,274.26,0,0,1,1,7.42,1.06
500650,20.58,248.14,1,1,1,1,9.94,0.0
500651,15.36,125.71,0,0,0,0,7.7,13.32
500652,20.79,89.32,1,1,0,0,5.95,25.01
500653,4.33,111.96,1,0,0,0,5.06,24.82
500654,19.97,87.35,1,0,1,0,6.93,14.13
500655,26.94,229.27,0,0,0,1,6.45,30.37
500656,17.15,271.72,0,0,1,1,8.64,14.35
500657,5.6,129.38,0,0,0,0,4.83,12.98
500658,15.1,238.65,1,1,0,1,10.0,0.0
500659,26.95,493.53,0,1,0,0,8.79,23.27
500660,19.81,645.72,0,0,0,1,6.13,6.29
500661,8.07,336.08,0,0,0,0,9.74,27.96
500662,34.57,199.83,0,0,0,0,5.09,26.0
500663,9.22,330.16,0,0,0,0,6.87,38.76
500664,16.3,462.72,0,0,0,0,4.2,26.0
500665,10.74,72.94,1,0,1,1,9.82,0.0
500666,10.75,497.09,0,0,0,0,3.53,47.1
500667,14.83,163.06,1,0,1,0,3.91,24.25
500668,22.45,163.92,0,1,0,0,5.36,33.18
500669,27.03,180.99,1,0,0,0,8.88,0.71
500670,15.3,262.35,1,0,0,0,8.22,15.65
500671,10.93,119.4,1,0,0,0,6.72,11.42
500672,21.35,188.1,0,0,0,0,8.33,27.26
500673,21.56,293.69,1,1,1,0,6.29,16.89
500674,19.68,248.1,0,0,0,0,7.26,41.92
500675,19.93,271.26,0,1,0,1,9.47,8.7
500676,17.21,184.09,1,1,0,0,6.06,8.25
500677,18.69,322.2,0,0,0,0,5.12,38.94
500678,16.73,393.33,0,0,0,0,7.35,21.75
500679,25.49,380.57,0,0,1,0,7.83,13.89
500680,33.6,278.33,1,0,0,1,6.7,7.58
500681,19.26,368.71,0,1,0,1,8.31,17.98
500682,17.95,355.21,1,0,1,0,6.14,15.68
500683,19.79,958.82,0,1,1,0,6.73,25.22
500684,13.39,429.91,0,0,0,0,7.17,17.9
500685,23.35,209.52,1,0,0,0,7.02,16.48
500686,21.09,133.25,1,0,0,0,9.4,16.12
500687,15.06,190.57,0,0,1,0,7.17,26.53
500688,24.31,183.3,1,0,0,0,5.95,31.87
500689,18.13,291.46,1,0,1,0,7.45,19.34
500690,11.21,149.68,1,0,0,0,8.32,26.7
500691,20.46,423.83,0,0,1,0,7.89,7.44
500692,19.66,102.45,1,0,1,0,7.79,21.44
500693,24.72,89.63,0,1,0,0,3.8,42.29
500694,23.82,204.24,0,0,0,0,2.01,51.57
500695,17.24,138.41,0,0,0,0,8.8,22.98
500696,14.7,110.12,0,1,1,0,7.29,14.76
500697,18.01,154.97,0,0,0,0,6.46,14.76
500698,20.54,144.72,1,1,1,0,7.75,3.74
500699,21.39,221.23,1,0,1,1,9.97,1.81
500700,20.11,156.39,1,0,1,1,9.04,0.0
500701,17.36,163.55,1,1,0,0,8.23,23.99
500702,24.98,219.41,1,0,0,0,4.9,27.2
500703,13.28,384.31,0,0,0,0,5.14,31.65
500704,35.36,494.0,1,0,0,0,2.2,26.64
500705,23.34,238.63,1,0,1,1,7.64,7.49
500706,10.11,249.06,0,0,1,1,8.5,0.0
500707,19.3,198.91,1,0,1,0,8.64,1.3
500708,23.41,286.67,0,0,1,0,7.72,23.3
500709,15.55,272.67,0,0,0,1,6.22,24.1
500710,7.53,456.16,0,0,0,0,5.48,25.94
500711,10.73,77.85,1,1,0,0,5.01,5.38
500712,21.79,193.38,1,0,0,0,6.21,22.68
500713,5.72,265.12,0,0,1,0,4.74,42.1
500714,7.85,216.84,1,0,1,0,9.66,0.0
500715,21.76,131.25,1,0,1,0,4.16,36.68
500716,16.44,107.66,1,1,1,0,6.15,20.36
500717,13.13,342.79,0,0,0,0,3.01,36.33
500718,14.54,145.08,1,0,1,1,7.03,14.45
500719,7.7,83.8,0,1,1,0,6.5,25.88
500720,21.39,352.39,0,0,1,0,5.86,37.47
500721,12.35,283.18,0,0,0,0,4.82,39.46
500722,14.25,206.42,0,0,1,0,6.5,25.17
500723,20.43,133.04,0,1,0,0,5.52,26.81
500724,16.2,206.69,0,0,0,1,6.25,24.05
500725,13.07,429.32,1,0,1,1,10.0,0.0
500726,4.07,90.52,0,0,0,0,6.81,23.69
500727,20.57,93.08,0,1,0,0,7.46,19.7
500728,18.55,155.77,0,1,0,0,5.66,36.09
500729,14.38,216.8,1,0,0,0,5.09,34.14
500730,10.74,167.45,0,1,0,0,6.46,26.88
500731,18.09,313.3,0,1,1,1,10.0,0.0
500732,21.36,400.41,1,0,1,0,5.98,42.21
500733,18.68,256.45,0,0,0,0,7.15,26.63
500734,29.47,299.43,0,0,0,0,5.01,27.63
500735,22.93,255.52,0,0,0,0,1.54,37.82
500736,17.25,221.15,0,0,0,0,5.08,23.2
500737,23.17,108.0,1,0,0,0,10.0,17.93
500738,18.34,124.99,0,1,0,0,7.57,18.6
500739,18.32,104.65,1,1,0,0,9.45,0.0
500740,27.07,202.75,0,1,0,0,5.87,11.08
500741,11.71,249.98,0,0,0,0,2.26,54.39
500742,18.16,99.14,0,0,0,0,4.5,20.01
500743,26.33,228.96,1,0,1,1,7.21,13.16
500744,20.16,135.95,0,1,0,1,6.93,1.6
500745,15.42,122.19,0,1,1,0,6.48,11.01
500746,6.06,155.97,1,0,0,1,5.55,22.07
500747,2.11,118.79,1,0,0,0,8.19,30.54
500748,32.53,307.14,1,0,0,0,5.6,30.81
500749,20.16,200.58,0,0,1,0,7.05,31.15
500750,13.91,344.47,0,1,1,0,6.85,6.26
500751,20.45,172.38,0,0,0,0,5.84,14.81
500752,11.37,176.0,0,1,0,0,4.91,35.33
500753,15.68,616.46,0,0,0,0,5.73,34.07
500754,11.41,90.1,1,0,1,0,9.87,0.0
500755,8.11,445.9,1,0,0,0,8.5,18.99
500756,3.27,546.54,1,1,0,0,8.34,25.15
500757,6.82,335.23,1,0,0,0,5.08,25.89
500758,25.15,183.44,0,0,0,0,3.91,47.43
500759,11.09,482.23,0,0,0,0,8.47,25.71
500760,21.74,184.32,0,1,0,0,8.13,9.51
500761,24.7,149.22,0,0,0,0,6.75,47.64
500762,18.12,177.7,0,0,0,0,5.83,26.99
500763,15.91,160.78,0,0,0,0,3.86,35.32
500764,18.93,130.71,0,0,0,0,8.06,29.94
500765,15.08,405.1,1,0,0,1,8.64,15.62
500766,26.43,143.77,1,0,0,1,5.28,21.36
500767,31.14,216.44,0,0,0,0,5.13,41.34
500768,28.15,99.44,0,1,0,0,8.73,8.78
500769,2.94,223.76,0,1,0,0,5.34,33.9
500770,14.94,116.5,1,1,1,1,9.7,0.0
500771,18.03,114.93,0,0,0,0,6.3,47.62
500772,21.24,207.17,0,0,1,0,5.8,1.36
500773,5.91,393.45,1,1,0,0,6.58,7.76
500774,5.8,280.3,0,0,1,0,5.8,10.73
500775,27.15,291.09,0,0,1,1,8.53,10.11
500776,14.09,204.83,1,0,1,0,8.09,25.76
500777,7.59,182.92,1,0,0,0,8.46,30.71
500778,10.27,339.94,0,0,0,0,6.83,19.04
500779,20.73,161.4,0,1,0,0,5.68,25.69
500780,12.24,348.13,1,0,0,0,6.48,24.86
500781,19.69,434.15,0,0,0,0,5.73,25.66
500782,11.15,138.5,0,0,1,0,9.14,1.52
500783,5.79,150.16,1,1,0,0,8.3,5.34
500784,27.97,162.96,0,0,1,0,6.34,25.72
500785,20.79,98.18,0,1,0,0,4.83,21.77
500786,15.66,169.94,1,0,0,0,9.27,11.46
500787,14.35,450.08,1,0,0,1,6.75,10.03
500788,28.25,123.79,1,1,0,0,6.27,8.62
500789,22.14,456.0,1,0,1,1,9.29,9.12
500790,26.03,173.34,0,0,0,0,5.58,29.77
500791,13.91,703.7,0,0,0,0,5.93,29.0
500792,18.35,151.2,0,0,1,1,6.08,36.37
500793,20.82,203.25,0,0,0,0,4.13,34.11
500794,14.15,133.36,0,1,0,1,7.07,12.35
500795,17.33,150.72,0,0,0,1,5.13,33.7
500796,13.91,459.26,0,0,0,0,5.47,30.88
500797,20.79,285.61,0,0,0,1,5.23,17.34
500798,8.75,387.41,0,0,0,0,5.44,29.87
500799,22.0,106.7,0,0,0,0,4.99,28.58
500800,20.17,315.38,0,1,1,0,6.94,0.0
500801,16.58,128.94,0,0,0,0,6.22,31.09
500802,21.15,105.44,0,0,0,0,6.59,13.73
500803,15.45,250.87,1,1,0,1,10.0,2.5
500804,13.31,249.47,1,1,0,0,6.22,10.06
500805,21.81,226.55,1,1,0,0,7.59,12.75
500806,22.11,326.45,0,0,0,1,7.79,39.08
500807,14.45,355.7,1,1,0,0,6.39,21.52
500808,13.85,493.73,1,0,0,0,6.99,9.73
500809,16.72,114.31,0,1,0,1,6.54,3.2
500810,14.14,502.57,1,0,1,0,6.86,12.51
500811,28.68,619.49,0,1,0,0,5.44,12.22
500812,20.22,179.86,1,1,0,0,5.61,17.39
500813,18.1,87.88,0,0,0,1,6.53,22.89
500814,11.47,102.79,0,0,0,0,2.95,48.9
500815,23.17,170.65,0,1,1,1,9.19,2.6
500816,13.72,666.08,1,0,1,0,10.0,2.92
500817,13.43,222.08,1,1,1,0,6.81,0.0
500818,23.41,156.68,1,1,0,0,7.7,13.83
500819,20.71,150.91,0,1,0,0,8.45,0.68
500820,1.0,106.29,0,0,0,0,4.12,27.13
500821,16.9,355.9,1,0,0,1,8.17,14.06
500822,18.88,209.14,0,0,0,0,5.73,19.84
500823,15.62,698.22,1,1,0,0,10.0,0.0
500824,19.12,310.8,0,0,0,0,6.16,24.95
500825,5.33,347.27,0,0,0,0,8.13,0.0
500826,1.0,192.57,0,0,0,0,6.18,27.13
500827,11.17,120.73,1,0,0,0,10.0,0.0
500828,19.98,136.07,1,0,1,0,5.58,14.57
500829,1.0,103.6,1,0,0,0,8.6,11.93
500830,12.1,362.98,1,0,1,0,7.63,2.69
500831,4.54,178.03,0,1,0,0,7.23,14.93
500832,16.3,371.48,0,0,0,0,6.91,33.09
500833,31.71,237.08,1,0,1,0,5.3,21.08
500834,16.48,187.27,1,0,0,0,1.85,42.81
500835,17.25,115.62,0,0,0,0,8.43,20.2
500836,23.87,259.7,0,1,1,0,5.62,17.83
500837,18.15,195.07,0,1,0,0,8.61,12.25
500838,16.5,361.34,1,0,0,0,7.13,13.9
500839,24.49,148.44,1,0,0,0,8.66,17.05
500840,21.3,308.74,1,0,0,1,7.94,14.68
500841,20.02,542.45,0,0,0,0,2.06,41.78
500842,17.03,255.58,0,1,0,0,7.61,27.08
500843,15.58,338.84,1,0,0,0,5.88,18.4
500844,24.42,301.32,1,1,1,0,8.6,10.97
500845,15.64,624.89,0,0,0,0,7.56,33.93
500846,26.62,269.88,1,0,0,0,7.59,20.37
500847,10.67,323.31,0,0,0,0,6.01,18.91
500848,28.04,215.65,1,0,0,0,4.86,7.85
500849,21.3,143.7,1,0,0,0,5.72,28.35
500850,11.22,113.2,1,0,0,0,3.26,41.15
500851,21.56,441.61,0,0,0,0,5.44,33.56
500852,13.45,126.35,1,0,0,0,3.86,37.65
500853,18.23,331.57,1,0,0,0,3.91,25.27
500854,14.59,276.56,0,1,1,0,6.71,20.46
500855,17.07,364.46,1,1,1,1,7.46,0.0
500856,24.59,165.76,1,0,0,1,6.44,7.77
500857,21.63,142.41,1,0,0,0,5.6,23.21
500858,10.12,270.9,0,0,0,0,4.79,25.07
500859,10.52,187.32,0,0,0,0,5.93,18.88
500860,19.9,111.78,0,0,0,0,5.02,30.7
500861,20.4,638.94,0,0,0,0,6.39,23.09
500862,13.28,142.36,0,0,0,0,3.76,38.19
500863,29.14,127.37,1,1,1,0,7.76,5.62
500864,23.69,192.57,0,0,1,0,5.48,14.56
500865,13.62,438.21,0,1,0,0,7.18,23.0
500866,12.94,66.81,0,1,1,0,8.1,12.04
500867,16.41,418.66,1,1,0,0,7.09,24.52
500868,15.68,133.26,0,0,0,0,7.94,12.21
500869,26.79,254.45,0,0,0,0,2.78,37.02
500870,24.89,151.69,0,0,0,0,5.61,32.72
500871,18.25,657.98,1,0,0,0,8.49,15.98
500872,22.75,235.61,0,0,1,1,7.42,10.83
500873,23.76,149.03,0,0,0,0,9.83,0.0
500874,18.41,186.42,0,1,1,0,9.57,4.12
500875,20.82,231.12,0,0,0,0,7.04,24.75
500876,22.16,242.58,0,0,1,0,6.05,21.57
500877,21.41,280.04,0,0,0,0,4.77,20.27
500878,12.55,219.83,1,1,0,0,5.64,9.32
500879,13.26,103.15,0,1,0,1,5.77,18.66
500880,15.98,182.45,0,0,0,0,5.43,31.48
500881,13.05,307.14,1,0,0,0,4.85,37.5
500882,7.69,152.2,0,0,0,0,7.22,18.1
500883,22.73,318.51,0,1,1,0,9.55,20.75
500884,20.42,223.87,0,0,1,1,8.18,22.32
500885,8.62,195.17,0,0,1,0,5.92,26.71
500886,16.31,424.29,0,1,1,0,8.33,16.9
500887,16.71,84.58,1,1,1,0,7.12,10.48
500888,19.27,151.74,0,0,0,0,6.43,33.13
500889,10.43,433.31,0,0,1,0,6.31,34.85
500890,8.52,601.94,0,0,0,0,6.14,32.02
500891,21.64,773.5,1,0,1,0,7.67,0.0
500892,7.26,226.18,1,1,0,0,6.75,29.81
500893,16.37,283.01,0,0,0,1,5.19,14.48
500894,15.72,344.89,0,0,0,0,5.1,44.04
500895,17.14,443.6,0,0,0,0,7.05,26.32
500896,19.77,261.34,0,0,0,0,7.27,23.81
500897,29.19,366.14,0,1,0,0,5.94,4.76
500898,6.8,283.3,0,0,0,0,4.46,43.91
500899,24.14,293.2,0,0,0,1,8.75,29.16
500900,1.0,132.76,0,1,0,1,8.37,25.99
500901,27.76,183.56,1,0,0,0,2.92,35.61
500902,3.7,165.03,1,1,1,0,8.91,5.18
500903,35.05,114.4,0,0,1,0,6.12,27.43
500904,15.27,88.7,1,0,1,0,6.84,22.51
500905,27.03,174.27,0,0,0,0,8.55,11.24
500906,25.59,190.28,1,0,1,1,9.47,0.0
500907,14.94,233.08,0,0,1,1,8.31,22.51
500908,15.48,298.65,1,1,0,0,6.93,39.11
500909,12.14,243.98,0,0,0,0,4.02,46.87
500910,23.51,191.01,0,0,0,0,2.85,34.77
500911,15.04,132.99,1,0,0,0,8.08,26.43
500912,12.27,356.39,1,0,1,0,8.92,12.13
500913,21.76,208.02,0,1,0,0,5.03,28.39
500914,11.72,173.3,0,0,1,0,6.01,29.6
500915,15.7,198.56,0,0,0,0,5.5,32.88
500916,18.75,147.03,0,0,0,0,5.45,23.07
500917,13.5,164.31,0,0,1,0,8.43,8.9
500918,14.56,161.46,0,0,0,0,6.89,28.89
500919,28.74,187.84,0,0,0,0,6.09,34.42
500920,16.57,315.54,1,1,1,0,10.0,5.8
500921,15.48,275.21,0,0,1,0,3.92,37.4
500922,16.77,515.09,0,0,1,1,7.49,11.74
500923,21.18,428.41,0,0,1,0,4.61,28.67
500924,10.76,645.26,0,0,0,0,6.22,29.28
500925,20.99,299.22,1,0,0,0,6.77,19.7
500926,19.79,296.59,0,0,1,0,8.02,23.1
500927,5.48,168.27,0,0,1,0,6.03,21.17
500928,30.56,346.52,1,0,0,0,5.84,30.05
500929,28.23,153.36,0,0,0,0,6.0,25.9
500930,12.4,97.99,0,0,0,0,4.56,28.04
500931,10.14,509.33,1,0,1,0,7.64,0.0
500932,19.6,110.67,0,0,0,0,7.01,21.7
500933,8.02,280.06,1,0,1,1,7.28,10.84
500934,27.55,135.56,0,0,0,0,6.37,39.89
500935,14.72,408.83,1,0,0,0,6.15,23.83
500936,29.35,440.65,0,1,0,1,8.62,6.22
500937,12.23,294.32,1,0,1,0,8.34,0.0
500938,17.21,436.65,0,0,0,0,9.05,25.38
500939,26.87,220.89,0,0,1,0,7.17,29.51
500940,15.74,751.76,1,1,0,0,8.93,0.0
500941,19.9,331.63,0,0,0,0,5.75,27.53
500942,25.65,134.06,0,0,0,0,6.14,19.49
500943,14.11,228.59,0,0,1,0,8.65,24.79
500944,9.17,202.3,0,1,0,1,8.02,11.74
500945,7.79,191.69,0,0,0,0,5.98,11.72
500946,22.08,88.43,0,0,0,0,4.62,38.27
500947,20.72,272.16,0,0,0,0,6.13,31.85
500948,25.43,102.66,1,1,0,0,5.27,18.74
500949,16.08,54.85,1,1,1,0,9.6,4.63
500950,7.98,182.08,1,0,0,0,7.87,12.96
500951,1.53,145.17,0,0,1,0,5.12,23.4
500952,38.08,136.97,0,1,1,0,4.62,19.3
500953,21.69,39.92,1,0,0,0,5.1,15.8
500954,18.96,137.78,0,0,0,0,5.49,32.29
500955,19.95,199.96,1,0,1,0,6.2,26.66
500956,7.98,155.22,1,1,0,1,8.51,0.0
500957,12.44,272.24,0,0,1,0,4.76,41.75
500958,30.2,473.23,1,1,0,1,10.0,0.0
500959,22.61,292.26,0,0,0,0,4.8,35.1
500960,12.65,386.89,0,0,0,0,3.96,46.47
500961,9.41,404.9,0,0,0,0,9.54,1.52
500962,14.39,125.62,0,0,0,0,8.88,6.99
500963,15.79,280.1,0,1,0,0,6.17,18.67
500964,32.34,380.3,1,0,0,0,7.19,27.43
500965,16.68,173.1,0,0,0,0,7.23,27.18
500966,9.67,142.42,1,0,1,0,6.75,23.8
500967,17.59,294.52,0,0,0,0,4.17,28.74
500968,19.85,97.39,0,0,0,0,2.03,54.12
500969,9.04,120.93,0,0,0,0,4.98,43.32
500970,20.82,152.46,0,0,0,0,9.77,23.59
500971,26.46,281.86,0,1,1,0,9.84,3.63
500972,18.97,248.15,0,1,0,0,6.03,38.42
500973,12.42,388.17,0,1,0,0,4.78,22.64
500974,14.3,132.5,1,0,0,0,7.0,8.74
500975,6.39,128.65,1,1,1,0,7.29,0.66
500976,17.06,293.47,0,1,0,1,7.58,19.74
500977,20.18,141.79,0,0,0,0,1.95,57.43
500978,11.72,157.86,1,0,0,0,10.0,0.91
500979,31.58,79.23,1,0,0,0,8.54,12.02
500980,23.55,258.16,1,0,0,0,6.14,23.65
500981,5.45,513.54,0,1,0,0,5.21,26.01
500982,5.59,124.9,1,0,0,0,8.28,20.01
500983,11.11,385.89,1,0,0,0,7.39,21.62
500984,29.01,212.93,1,1,0,0,6.67,8.98
500985,24.24,83.32,1,0,0,0,7.33,14.72
500986,29.37,134.5,0,0,0,1,6.3,22.32
500987,18.07,130.0,0,1,1,0,7.22,17.46
500988,16.53,184.85,1,1,1,0,7.81,21.39
500989,9.27,277.09,0,1,0,0,7.12,20.29
500990,20.45,608.22,0,0,0,0,7.02,28.92
500991,16.63,100.13,0,1,0,0,9.01,22.41
500992,16.36,168.51,0,0,0,0,3.63,49.88
500993,29.33,134.4,1,1,0,0,5.06,23.25
500994,17.12,109.53,0,0,0,0,6.55,35.69
500995,27.32,231.86,0,0,0,0,5.19,33.58
500996,6.88,220.18,0,1,0,0,5.79,9.67
500997,36.82,81.13,1,1,0,0,8.82,9.9
500998,15.39,222.21,1,0,0,0,6.23,24.05
500999,22.95,113.37,1,1,0,0,3.21,38.02
501000,24.06,221.44,1,1,0,0,5.74,7.47
501001,14.52,442.24,0,0,0,0,6.6,30.12
501002,23.73,283.81,1,0,1,1,6.57,3.82
501003,24.1,242.56,1,0,1,1,7.5,7.94
501004,13.01,164.48,1,0,0,1,7.35,8.05
501005,13.09,228.24,1,0,0,0,6.25,25.88
501006,18.32,299.89,0,0,0,0,4.35,23.75
501007,17.19,283.98,0,0,1,0,5.71,21.36
501008,27.75,208.32,0,0,0,0,5.38,34.86
501009,22.92,247.94,0,0,0,0,5.99,41.03
501010,17.51,106.65,1,0,0,1,7.74,10.12
501011,22.24,146.9,0,0,0,0,7.23,32.79
501012,3.67,324.66,1,0,0,0,7.98,27.42
501013,13.69,349.58,1,0,0,0,5.81,25.58
501014,20.01,231.62,0,0,0,0,9.22,27.74
501015,25.81,496.24,0,1,0,0,7.71,16.96
501016,19.4,290.92,0,0,1,0,6.7,22.2
501017,28.21,193.53,1,0,1,1,7.59,5.92
501018,24.08,112.48,1,0,0,1,5.28,29.23
501019,14.58,485.38,1,0,0,0,2.7,39.93
501020,17.02,336.06,0,0,0,1,5.41,23.6
501021,20.86,591.52,0,0,1,0,7.85,19.67
501022,14.86,724.44,1,0,0,1,6.64,20.97
501023,28.72,108.4,1,1,0,0,6.25,20.8
501024,10.24,108.55,1,0,0,0,4.97,34.65
501025,20.21,45.55,0,0,0,0,2.98,45.95
501026,23.15,364.57,1,1,0,0,9.06,1.46
501027,15.81,315.67,0,0,0,0,6.13,32.9
501028,14.23,232.16,0,0,0,0,5.73,23.3
501029,17.47,112.08,0,1,0,0,5.29,26.88
501030,23.68,209.49,0,0,1,1,8.76,11.77
501031,14.5,243.52,0,0,1,0,8.09,28.33
501032,10.52,338.37,0,0,0,0,4.76,17.53
501033,26.05,255.64,0,1,0,0,8.6,16.72
501034,20.8,316.94,1,0,0,0,6.24,0.0
501035,25.06,205.48,1,0,1,0,5.4,14.94
501036,23.32,421.34,1,0,0,0,5.97,17.7
501037,33.26,311.4,0,1,0,1,5.09,13.16
501038,25.8,114.53,0,1,0,0,4.12,36.73
501039,12.93,472.34,1,0,0,1,7.9,10.24
501040,21.29,431.68,0,0,0,0,6.1,16.19
501041,14.1,284.19,0,1,0,1,7.61,25.96
501042,14.82,256.73,0,1,0,0,7.02,37.02
501043,8.11,547.77,0,0,0,0,7.49,25.77
501044,16.0,89.6,1,0,0,0,2.82,31.96
501045,21.82,435.42,0,0,0,0,4.94,35.92
501046,17.54,169.31,1,0,0,0,7.52,0.0
501047,10.3,401.81,0,0,0,0,4.21,26.29
501048,7.34,235.06,1,0,0,0,7.17,26.83
501049,32.78,111.05,1,0,0,0,4.0,20.27
501050,20.28,167.43,0,1,0,0,6.53,13.59
501051,12.23,385.9,0,0,0,0,9.4,12.26
501052,21.23,195.98,1,0,1,1,7.89,13.43
501053,33.32,156.31,0,0,0,0,3.17,44.61
501054,22.34,155.73,1,1,0,0,8.03,12.0
501055,1.0,313.21,0,0,0,0,9.78,13.05
501056,36.57,576.21,1,0,0,0,10.0,0.0
501057,5.06,67.77,1,0,0,0,7.36,11.23
501058,16.56,1026.6,0,0,0,0,4.04,19.65
501059,10.07,246.09,0,0,0,0,7.28,33.45
501060,12.82,302.7,0,1,1,0,9.37,0.0
501061,19.99,173.07,0,1,0,0,6.16,25.1
501062,3.5,219.58,1,0,0,1,8.38,18.98
501063,17.37,244.57,0,1,0,0,4.99,30.38
501064,26.03,123.55,1,0,0,0,7.17,12.07
501065,12.1,141.25,0,0,0,0,2.02,50.12
501066,8.27,422.06,0,0,0,0,4.79,22.03
501067,17.02,93.68,0,0,0,0,6.49,31.74
501068,15.63,280.39,0,0,0,1,5.85,23.82
501069,13.83,179.44,0,0,0,0,4.16,37.55
501070,9.68,129.7,0,1,0,0,5.6,41.25
501071,21.63,650.79,1,1,1,0,7.09,10.33
501072,22.17,130.15,0,0,0,0,6.34,35.43
501073,10.54,118.16,0,0,0,0,6.61,27.17
501074,11.51,198.5,1,0,0,0,7.82,19.19
501075,18.96,144.16,0,0,0,0,5.88,28.42
501076,11.25,220.77,1,0,0,1,8.95,7.42
501077,19.25,239.63,0,1,0,0,4.72,26.48
501078,28.28,250.31,0,1,0,1,9.97,6.54
501079,17.58,205.51,1,1,1,1,8.5,0.0
501080,9.5,149.52,1,0,0,0,5.86,24.36
501081,20.74,313.41,0,0,0,0,5.98,16.03
501082,16.76,206.89,1,0,0,0,6.87,11.05
501083,16.95,167.51,0,0,0,1,7.58,16.06
501084,21.33,496.52,1,0,1,0,8.47,12.78
501085,22.84,205.8,1,1,0,0,4.09,38.9
501086,18.25,401.1,1,1,0,0,7.29,5.72
501087,17.58,431.98,0,1,0,0,2.69,41.26
501088,32.44,446.68,0,1,0,0,6.18,17.76
501089,26.4,321.75,0,1,0,1,9.12,11.21
501090,23.83,219.92,0,0,0,0,3.95,45.84
501091,18.92,212.39,0,1,0,0,3.62,28.44
501092,10.96,192.36,1,1,0,0,6.9,22.78
501093,25.89,66.81,1,1,0,0,9.0,16.61
501094,19.01,326.68,0,1,0,0,7.09,21.32
501095,13.96,251.66,1,0,0,0,3.07,45.62
501096,16.3,346.42,0,1,0,0,3.47,31.21
501097,11.24,206.29,0,1,0,0,6.68,41.47
501098,25.4,317.12,0,0,0,0,4.38,40.63
501099,22.78,103.13,0,1,1,0,6.75,20.09
501100,19.27,115.65,0,1,1,0,6.85,7.02
501101,17.7,56.36,0,0,0,0,5.62,32.62
501102,13.24,204.33,0,1,1,1,9.77,4.39
501103,3.09,143.85,0,0,0,0,7.56,32.36
501104,8.11,133.86,1,0,0,0,8.68,25.18
501105,12.8,264.46,1,0,0,0,8.16,0.09
501106,11.75,174.09,0,0,0,0,6.23,30.24
501107,20.03,100.03,0,0,0,0,6.15,22.27
501108,23.68,891.81,0,1,0,0,5.96,20.12
501109,17.1,215.57,1,0,0,0,7.73,21.7
501110,27.86,121.25,0,0,0,0,5.33,38.23
501111,12.52,152.2,1,0,0,1,9.61,2.08
501112,17.05,200.02,0,1,0,0,5.16,33.35
501113,17.64,199.79,1,0,0,0,6.89,17.73
501114,25.65,450.26,0,0,1,0,6.09,38.23
501115,18.74,210.6,0,0,0,0,5.69,35.39
501116,18.93,610.33,1,1,0,0,10.0,1.21
501117,6.42,173.43,1,0,1,0,5.71,42.49
501118,11.7,278.15,1,0,0,0,5.95,14.68
501119,25.67,385.95,1,0,0,0,5.3,15.02
501120,3.47,424.52,1,1,0,0,6.57,15.54
501121,27.4,452.67,0,1,0,0,6.32,8.24
501122,21.5,189.43,0,0,0,0,4.49,26.63
501123,12.77,219.34,0,0,0,0,5.74,18.84
501124,12.18,56.26,0,0,1,0,7.6,19.38
501125,31.27,197.52,1,0,0,0,8.35,14.27
501126,27.88,400.94,1,0,0,0,6.54,20.52
501127,17.16,360.28,0,0,0,0,6.61,27.13
501128,18.94,209.78,0,1,0,0,5.85,8.22
501129,13.48,560.12,0,0,0,0,5.6,33.56
501130,18.94,178.11,0,0,0,0,4.84,39.21
501131,13.28,148.38,0,1,0,0,3.7,32.49
501132,17.45,170.06,0,0,0,0,5.24,27.65
501133,30.67,118.66,1,1,0,0,8.13,4.81
501134,17.33,309.81,0,1,0,0,5.74,31.62
501135,10.66,257.83,0,0,0,0,5.88,45.8
501136,8.44,307.7,1,0,0,0,5.84,26.46
501137,18.89,175.16,0,1,1,0,8.74,19.75
501138,12.67,213.08,0,0,0,0,4.83,38.82
501139,19.73,66.39,0,1,0,0,7.0,10.11
501140,6.66,270.58,1,0,0,0,6.38,27.8
501141,22.83,232.29,0,0,0,0,6.62,24.84
501142,10.58,120.1,0,0,0,0,6.94,11.95
501143,18.32,207.69,1,0,0,0,6.6,3.19
501144,15.63,190.91,0,1,0,0,7.93,23.82
501145,30.03,580.56,0,0,0,0,6.45,31.34
501146,19.2,122.73,1,1,1,0,9.64,0.0
501147,31.62,263.99,1,1,1,0,6.58,13.61
501148,21.93,120.75,0,0,0,0,3.43,33.45
501149,27.98,161.87,0,0,0,1,7.65,23.32
501150,16.54,256.18,0,1,0,0,7.21,18.57
501151,20.42,195.86,0,0,1,0,6.56,31.54
501152,26.53,219.28,0,0,0,0,6.03,33.05
501153,24.33,264.18,0,0,0,0,2.69,43.33
501154,21.72,167.69,1,0,0,0,3.0,34.92
501155,15.7,357.78,0,1,0,0,9.47,0.0
501156,16.89,185.98,0,0,0,0,5.45,31.84
501157,25.96,208.51,1,0,0,0,8.24,24.34
501158,27.42,268.37,0,1,0,0,3.61,24.95
501159,13.85,249.26,0,0,0,0,4.62,43.24
501160,12.79,313.55,0,0,0,0,7.72,28.98
501161,11.67,261.9,0,0,0,0,6.32,29.05
501162,23.81,284.75,1,0,0,0,7.47,16.66
501163,11.49,183.95,0,0,0,0,6.48,38.38
501164,23.72,122.22,0,0,0,0,6.13,26.8
501165,21.82,100.33,0,1,0,0,5.28,26.83
501166,14.18,87.77,0,0,0,0,4.35,28.91
501167,28.95,580.06,1,0,1,0,9.02,11.48
501168,7.76,65.14,1,1,0,0,9.32,26.53
501169,29.62,424.19,1,0,1,0,4.63,5.98
501170,20.23,140.07,1,0,0,0,4.51,37.56
501171,3.49,422.49,0,0,0,1,5.87,37.21
501172,29.14,65.51,0,0,0,0,7.11,18.92
501173,24.81,193.32,1,0,0,0,6.17,0.0
501174,15.0,489.48,0,0,1,1,7.4,14.55
501175,11.25,325.67,1,0,0,0,6.41,26.07
501176,7.02,182.75,1,0,0,0,6.29,20.49
501177,34.91,75.56,0,1,1,1,10.0,0.0
501178,11.54,106.3,0,1,0,0,5.55,25.65
501179,9.15,472.32,0,0,1,1,9.45,29.15
501180,19.88,181.65,1,0,1,1,9.1,0.0
501181,6.53,211.48,0,0,1,0,7.41,22.5
501182,11.13,257.13,1,1,0,0,3.03,51.7
501183,24.96,107.45,0,1,1,0,6.56,32.47
501184,21.25,275.24,0,0,0,0,5.57,32.29
501185,15.3,174.66,1,1,1,0,6.54,15.9
501186,18.13,258.57,0,0,0,0,4.59,43.2
501187,14.9,160.08,0,1,1,0,7.86,0.0
501188,17.57,92.61,1,0,0,0,8.27,8.91
501189,12.67,173.92,1,0,0,1,8.61,14.0
501190,13.94,312.95,0,0,0,0,5.81,32.68
501191,13.73,273.24,0,0,0,0,4.59,50.64
501192,12.92,223.77,1,1,0,0,7.13,28.88
501193,25.31,360.54,1,0,1,0,9.66,21.03
501194,23.39,196.69,0,0,0,0,6.62,30.02
501195,11.47,226.92,1,0,0,0,7.31,31.8
501196,9.64,168.98,0,0,1,0,6.08,30.68
501197,16.9,372.33,0,0,1,0,5.59,37.61
501198,33.09,258.26,1,1,0,1,7.68,4.52
501199,10.81,161.95,0,0,1,0,6.31,28.92
501200,16.87,97.0,0,0,0,0,7.23,15.57
501201,18.62,403.98,1,0,0,0,7.41,18.42
501202,17.24,146.11,1,0,1,0,7.13,15.38
501203,14.79,228.89,1,0,0,0,7.5,30.96
501204,26.09,802.36,0,0,0,0,4.96,39.22
501205,21.18,341.88,0,1,0,0,4.85,38.7
501206,23.92,533.66,0,0,0,1,6.42,20.64
501207,22.13,163.64,1,0,0,0,6.47,24.04
501208,24.26,396.5,0,0,0,0,5.56,43.59
501209,29.09,223.25,0,0,0,0,6.93,18.33
501210,27.32,269.06,1,0,0,0,8.13,19.48
501211,34.27,668.54,0,0,0,0,8.64,18.98
501212,26.52,188.74,0,0,0,0,9.04,15.73
501213,13.31,222.34,0,0,0,0,4.13,38.17
501214,23.93,133.87,0,0,0,0,4.41,39.86
501215,22.97,358.63,0,0,1,0,5.98,22.79
501216,31.44,161.63,0,1,0,0,6.64,25.0
501217,11.23,386.11,1,0,0,0,6.07,11.81
501218,21.91,88.78,0,1,0,0,5.51,5.02
501219,13.23,297.49,0,1,0,0,5.95,35.24
501220,21.59,154.41,0,0,1,0,7.37,18.07
501221,16.5,328.79,0,1,0,0,4.11,33.34
501222,21.36,218.37,1,0,0,0,10.0,0.0
501223,8.13,163.89,0,0,0,0,6.54,28.92
501224,23.55,177.86,1,0,0,1,8.39,2.08
501225,19.44,137.82,1,0,0,0,5.46,37.58
501226,19.07,348.77,0,0,0,0,7.53,13.96
501227,31.65,123.58,1,0,0,0,6.68,9.36
501228,15.32,189.94,0,1,0,0,8.04,10.84
501229,20.4,266.0,0,0,0,0,6.14,33.91
501230,18.7,534.35,1,0,1,0,9.29,21.13
501231,19.39,218.88,0,0,1,0,3.81,35.37
501232,33.55,192.53,0,0,0,1,8.21,1.52
501233,18.45,255.73,0,0,0,0,6.71,27.44
501234,14.03,70.33,0,0,0,0,4.67,21.35
501235,31.1,113.79,0,1,0,1,10.0,5.73
501236,15.85,178.96,0,0,0,0,9.83,15.67
501237,6.76,148.64,1,0,0,0,2.77,31.95
501238,12.81,91.21,0,0,0,0,6.82,29.74
501239,9.27,352.63,1,0,0,0,7.77,32.4
501240,5.4,253.79,1,0,0,0,7.3,21.8
501241,15.46,237.64,1,0,0,0,9.23,15.72
501242,17.51,150.19,0,1,0,1,8.85,4.86
501243,26.26,229.82,1,0,0,0,6.98,10.18
501244,22.41,291.95,1,1,1,0,10.0,0.0
501245,22.09,190.17,1,0,0,0,8.19,15.35
501246,11.75,280.94,1,0,0,0,5.87,22.37
501247,24.19,142.0,0,0,0,0,5.51,30.79
501248,27.74,232.12,1,1,1,1,8.74,0.0
501249,20.76,412.4,1,0,0,0,5.07,26.12
501250,20.96,433.22,0,0,0,0,5.76,38.84
501251,9.15,456.6,1,1,0,0,6.07,11.82
501252,25.38,257.42,0,0,1,0,7.14,13.76
501253,30.47,223.86,0,0,0,0,6.15,7.89
501254,20.26,171.88,0,0,0,0,4.13,47.47
501255,13.84,81.41,1,0,0,0,8.59,14.54
501256,16.87,105.0,0,0,0,0,5.77,26.22
501257,15.06,200.58,0,0,1,0,10.0,8.2
501258,15.48,207.28,0,0,1,0,7.05,12.18
501259,22.54,478.35,1,0,0,0,8.78,4.67
501260,19.96,453.4,0,0,0,0,7.64,23.52
501261,25.03,150.82,1,1,0,0,8.87,15.24
501262,20.6,345.06,0,0,1,0,7.53,23.28
501263,11.95,169.23,0,0,0,0,6.92,35.48
501264,14.5,320.24,0,1,0,1,8.47,16.65
501265,14.06,342.73,0,0,0,1,10.0,8.28
501266,16.69,435.62,1,0,0,0,6.01,11.71
501267,30.56,167.78,1,1,0,0,7.93,10.56
501268,31.68,384.33,0,0,0,0,6.49,33.33
501269,23.86,78.54,1,0,1,0,7.41,8.8
501270,18.83,448.79,0,0,0,0,6.58,34.75
501271,8.47,216.99,0,0,0,0,2.62,51.67
501272,19.54,219.55,0,1,0,0,6.14,29.44
501273,12.47,71.74,1,0,0,0,8.3,12.08
501274,29.41,177.66,0,0,0,1,5.12,40.64
501275,6.76,463.66,0,0,0,0,8.16,9.85
501276,20.69,173.98,0,0,1,1,6.83,23.7
501277,11.88,325.72,0,1,0,0,6.16,29.33
501278,17.93,224.22,1,1,0,0,8.13,5.78
501279,22.66,394.69,0,0,0,0,7.73,29.68
501280,25.15,244.44,1,1,0,0,7.26,37.35
501281,17.58,131.78,0,0,0,0,8.33,24.58
501282,23.33,226.94,1,0,0,1,6.87,21.02
501283,13.36,530.75,1,1,1,0,3.54,8.19
501284,19.72,289.26,1,0,0,0,5.82,39.85
501285,25.02,206.35,1,0,0,0,3.25,6.76
501286,20.32,760.74,0,1,0,1,7.68,2.72
501287,14.29,416.21,0,0,0,0,8.11,31.05
501288,16.05,344.75,1,1,0,0,8.2,13.2
501289,25.11,261.95,1,0,0,1,7.38,5.26
501290,10.36,328.74,0,0,0,0,8.24,16.4
501291,11.39,334.67,1,0,0,0,3.66,28.61
501292,22.21,66.23,0,0,1,0,6.31,25.34
501293,14.93,273.37,1,0,0,0,3.95,33.26
501294,7.83,201.38,0,0,1,0,5.86,36.13
501295,27.46,167.13,0,1,0,0,9.41,0.0
501296,10.3,197.58,1,1,1,1,8.47,0.0
501297,16.6,93.5,0,1,0,1,7.69,10.5
501298,13.66,81.54,0,0,0,0,6.17,37.81
501299,15.92,436.68,0,0,0,0,4.71,25.35
501300,11.81,283.67,0,1,0,0,6.84,14.94
501301,23.0,58.35,0,0,1,1,8.5,1.6
501302,18.78,160.23,0,0,0,0,7.24,39.01
501303,24.89,357.07,0,1,0,0,3.65,36.96
501304,13.74,188.6,1,1,0,0,6.69,10.67
501305,32.93,436.32,0,0,0,0,3.06,37.79
501306,4.67,391.89,0,1,0,0,7.95,13.7
501307,6.9,104.32,1,0,1,0,5.25,23.31
501308,30.27,203.32,1,0,0,0,4.3,23.92
501309,21.32,171.95,1,0,1,0,7.97,20.7
501310,20.39,102.47,1,0,0,0,7.51,14.97
501311,21.02,98.87,1,1,0,0,6.92,9.58
501312,22.0,141.22,1,0,0,1,10.0,5.75
501313,20.1,154.64,1,0,1,0,7.64,12.59
501314,11.24,257.08,0,0,0,0,5.34,27.1
501315,23.73,390.7,1,0,0,0,7.43,22.21
501316,22.62,291.82,1,1,0,0,5.99,23.18
501317,28.0,332.4,1,0,1,1,8.78,2.83
501318,30.35,189.99,1,0,0,1,7.01,6.42
501319,20.31,306.52,1,0,1,0,7.18,1.27
501320,9.41,202.76,0,0,0,0,3.9,46.24
501321,30.41,172.57,1,0,1,0,6.61,26.49
501322,10.87,624.55,1,0,0,0,6.4,37.39
501323,20.37,61.06,0,0,0,0,4.66,20.86
501324,16.2,78.52,0,1,0,0,6.1,22.19
501325,14.99,271.54,0,0,1,0,7.28,28.54
501326,23.35,190.16,1,0,0,0,6.49,20.2
501327,19.71,99.81,0,0,0,0,3.96,25.9
501328,21.59,123.17,0,0,0,0,6.01,36.49
501329,12.29,132.32,0,1,0,0,5.66,21.42
501330,16.78,359.39,0,0,0,0,6.85,23.16
501331,12.61,428.57,0,1,0,0,6.65,13.56
501332,16.61,542.07,0,1,0,0,5.76,34.93
501333,17.17,91.81,1,0,0,0,5.69,16.07
501334,30.91,103.72,0,1,0,0,6.62,23.08
501335,16.18,99.89,0,0,1,1,8.23,19.68
501336,3.12,446.97,0,0,0,0,7.0,22.49
501337,27.77,276.75,1,1,0,0,9.06,0.0
501338,21.14,229.92,1,1,1,1,8.54,10.62
501339,17.08,249.62,1,1,0,0,9.19,6.96
501340,14.94,213.24,0,0,1,1,8.96,0.64
501341,11.37,118.75,1,1,0,0,9.31,22.35
501342,31.57,291.74,1,0,0,0,4.42,22.33
501343,18.36,198.59,1,0,0,1,7.67,3.21
501344,5.84,113.69,1,1,0,0,8.69,3.76
501345,20.29,301.72,0,1,0,1,9.02,9.13
501346,26.44,174.07,0,0,0,0,5.11,31.63
501347,19.1,249.32,1,1,1,0,7.68,5.75
501348,11.69,205.39,0,0,0,0,6.64,47.34
501349,11.06,359.2,0,1,0,1,9.82,2.78
501350,11.58,248.32,0,0,1,0,4.0,21.43
501351,28.65,135.31,0,0,1,0,5.12,19.6
501352,17.5,262.63,1,0,1,0,3.24,20.59
501353,6.25,267.39,1,0,0,0,6.76,23.37
501354,20.69,291.45,1,0,1,1,10.0,0.0
501355,18.99,388.91,0,0,0,0,6.42,28.89
501356,14.86,156.78,0,0,0,0,6.68,31.64
501357,10.86,317.66,1,0,0,0,7.49,13.45
501358,10.55,85.2,0,1,0,0,6.29,21.23
501359,25.61,205.95,0,0,0,0,7.16,25.8
501360,19.73,189.15,0,0,0,1,7.21,25.29
501361,21.35,487.82,0,0,0,0,4.98,32.8
501362,19.71,201.87,1,0,0,1,6.33,12.58
501363,20.29,307.36,0,0,0,0,7.84,11.99
501364,14.72,83.48,0,0,1,0,8.17,8.5
501365,16.56,181.3,0,1,0,1,8.84,18.0
501366,26.15,138.12,0,0,0,0,7.1,19.26
501367,27.9,858.48,1,1,0,0,7.14,28.56
501368,9.45,152.46,0,0,0,0,7.85,22.52
501369,16.54,229.05,1,0,0,0,5.43,0.0
501370,23.87,235.86,0,0,0,0,5.36,29.68
501371,31.17,91.78,1,0,0,0,6.28,40.87
501372,30.47,164.73,1,0,0,0,4.2,43.64
501373,12.43,274.86,1,0,0,0,7.23,24.88
501374,26.93,230.62,0,1,0,0,8.39,23.32
501375,18.41,62.08,0,1,0,0,5.22,30.31
501376,25.31,161.06,1,1,1,0,7.28,12.83
501377,23.52,385.71,0,0,0,0,5.37,33.62
501378,9.15,304.04,1,1,0,0,4.67,46.33
501379,21.85,429.9,1,1,0,1,10.0,0.0
501380,25.04,127.93,1,0,0,1,4.7,15.35
501381,17.86,445.03,0,0,0,0,4.2,40.8
501382,16.28,214.69,0,1,0,0,6.89,26.16
501383,7.0,528.13,0,0,0,0,6.98,26.85
501384,22.79,220.4,0,1,0,1,7.7,8.19
501385,19.46,71.34,0,1,1,0,10.0,13.16
501386,11.54,350.98,1,0,0,0,5.1,36.51
501387,15.72,172.38,0,0,0,0,5.46,42.13
501388,19.08,178.88,1,1,0,0,9.4,14.38
501389,14.09,98.93,1,1,0,0,8.19,0.0
501390,18.02,536.91,0,1,0,0,7.94,24.82
501391,5.75,165.18,0,0,0,0,5.44,16.21
501392,27.45,523.17,1,1,0,0,8.53,3.54
501393,18.11,173.55,1,1,1,0,7.95,9.75
501394,10.3,132.07,1,0,0,0,6.84,12.91
501395,1.0,454.58,0,0,0,0,5.45,16.96
501396,25.2,211.3,1,0,0,0,6.69,36.36
501397,21.91,212.44,0,0,1,1,9.47,0.0
501398,19.47,108.72,1,0,0,0,4.53,26.1
501399,24.05,171.05,1,0,0,0,5.06,24.57
501400,24.03,278.5,1,0,0,0,5.37,22.37
501401,19.36,107.67,0,1,1,0,5.76,14.83
501402,16.22,163.55,1,0,0,1,6.47,20.07
501403,15.08,174.58,0,1,1,0,8.23,21.86
501404,20.95,228.19,1,0,0,1,7.33,20.36
501405,27.78,496.4,0,1,0,1,6.61,6.69
501406,17.28,186.54,0,0,0,0,7.0,30.34
501407,28.34,150.48,0,1,0,0,7.62,20.24
501408,20.61,996.38,0,0,0,0,3.47,32.98
501409,20.66,173.36,1,0,0,0,8.43,28.03
501410,34.84,198.1,0,1,0,0,5.01,30.28
501411,29.57,180.7,0,0,0,0,5.7,42.54
501412,29.75,188.94,1,1,1,0,7.11,10.37
501413,12.42,229.61,0,0,0,1,6.36,27.63
501414,33.35,365.06,1,1,0,1,7.38,14.24
501415,17.42,274.74,0,0,0,0,6.76,35.8
501416,16.41,397.83,0,0,0,0,5.98,49.94
501417,2.89,390.66,1,0,1,0,9.25,15.1
501418,20.28,246.74,1,0,0,1,7.77,0.58
501419,10.42,270.59,0,0,0,0,7.04,27.85
501420,20.86,404.82,0,0,0,0,7.75,8.64
501421,9.87,119.4,0,0,0,0,5.23,34.59
501422,30.58,869.26,1,1,1,0,10.0,0.0
501423,21.86,165.95,0,0,0,0,4.54,42.08
501424,33.96,181.38,1,0,0,0,6.7,31.04
501425,10.84,112.97,0,1,0,0,5.98,34.87
501426,28.84,114.83,1,0,1,0,5.92,13.72
501427,5.38,375.91,1,0,0,1,5.68,14.69
501428,19.46,766.81,0,0,0,0,5.11,22.74
501429,13.58,161.04,1,1,0,0,8.64,20.58
501430,14.86,266.31,0,1,0,0,4.33,27.63
501431,14.38,248.32,0,0,1,0,8.27,7.54
501432,11.6,381.37,1,0,0,1,7.67,15.82
501433,9.18,745.4,0,0,0,1,5.81,19.75
501434,14.9,507.84,0,0,0,0,7.46,9.61
501435,18.81,192.94,0,1,0,0,6.22,26.93
501436,26.15,294.26,0,0,0,0,4.52,41.26
501437,20.07,310.77,0,0,1,0,4.54,30.29
501438,26.17,217.58,0,1,1,0,7.68,20.33
501439,7.65,120.41,1,0,0,0,7.59,23.61
501440,14.97,141.78,1,1,0,0,6.94,24.23
501441,22.98,413.69,0,1,1,0,5.8,29.85
501442,20.4,437.84,1,1,0,0,6.16,34.0
501443,11.97,196.26,1,0,0,0,5.91,25.07
501444,24.54,253.97,1,0,0,0,3.36,34.66
501445,14.28,425.01,0,1,0,0,6.61,23.34
501446,12.56,86.17,0,0,0,0,7.44,20.63
501447,21.41,172.11,0,0,0,1,6.62,13.94
501448,18.04,667.44,1,1,0,0,9.68,1.21
501449,14.34,259.37,0,1,0,0,4.69,36.07
501450,14.1,118.22,0,0,0,0,5.31,46.1
501451,10.51,234.66,1,1,1,0,6.74,15.88
501452,15.23,385.84,1,0,0,0,6.94,28.31
501453,25.7,54.22,1,0,0,0,3.08,32.54
501454,19.71,242.4,0,1,0,0,7.58,16.71
501455,24.71,179.25,0,0,1,0,6.95,37.99
501456,21.61,89.17,0,0,0,0,2.69,35.86
501457,13.71,230.14,1,1,0,1,6.29,3.04
501458,6.46,204.09,0,0,0,0,5.04,34.1
501459,11.51,217.1,0,1,1,1,5.68,29.97
501460,13.3,181.65,1,0,0,0,4.09,32.33
501461,12.76,125.45,1,0,1,0,7.25,20.82
501462,24.87,98.84,0,1,1,0,9.67,1.51
501463,24.79,150.47,0,0,0,0,6.98,10.41
501464,33.48,352.91,0,0,0,0,2.61,36.47
501465,12.65,250.09,0,0,0,0,7.01,24.9
501466,29.18,211.79,0,0,1,0,6.15,31.35
501467,29.14,124.18,1,0,1,0,4.52,32.52
501468,16.37,179.11,1,0,0,0,7.14,17.18
501469,21.31,329.99,1,1,0,0,8.08,17.1
501470,26.69,290.4,0,0,0,1,5.3,50.59
501471,17.59,169.21,1,0,0,0,3.54,20.58
501472,17.05,52.32,1,0,0,0,2.88,20.31
501473,13.61,151.78,1,0,0,0,5.3,43.02
501474,1.48,168.7,0,0,0,0,6.22,26.37
501475,18.49,133.58,0,0,0,0,5.57,27.8
501476,13.03,175.28,0,0,0,0,5.27,42.7
501477,10.47,344.72,1,1,0,0,7.52,0.0
501478,20.96,215.53,0,0,1,0,7.33,18.96
501479,7.84,379.16,1,1,0,0,6.86,14.83
501480,23.64,95.97,0,0,0,0,7.97,27.16
501481,21.39,186.02,1,0,0,0,5.32,30.35
501482,15.2,75.73,0,0,0,0,4.53,28.52
501483,17.56,173.99,0,0,0,0,5.56,25.08
501484,9.67,123.78,0,1,0,0,5.44,29.57
501485,23.25,445.11,1,1,0,0,2.81,25.2
501486,19.31,275.61,1,0,0,0,5.52,16.17
501487,19.83,384.44,0,1,0,1,8.49,14.14
501488,21.51,173.73,0,1,0,1,7.94,0.0
501489,13.5,125.56,0,0,0,0,7.45,29.69
501490,7.37,123.38,0,0,0,0,6.74,30.86
501491,24.7,254.58,1,1,0,0,9.11,15.95
501492,22.82,595.39,0,1,0,0,4.59,29.04
501493,14.25,276.01,0,0,0,0,4.76,45.78
501494,20.86,179.02,0,0,0,0,8.52,16.72
501495,26.81,198.3,1,0,0,0,6.55,26.81
501496,25.97,216.25,1,0,0,0,5.29,15.43
501497,14.05,670.67,0,0,0,0,7.49,10.86
501498,7.58,433.6,1,0,0,0,5.71,33.43
501499,8.78,253.81,1,0,0,0,4.99,20.42
